[{"mail":"grzegorz@gmail.com","nbRevue":0,"nbDvd":0,"nbCd":0,"num":1,"dn":"42355","nom":"Maj","emprunte":[],"nbLivre":0,"adresse":"fsdfsd","mdp":"grzegorz","tel":235136364,"prenom":"Grzegorz","nbReserve":0},{"mail":"yann@gmail.com","nbRevue":0,"nbDvd":0,"nbCd":0,"num":2,"dn":"5346236","nom":"Yann","emprunte":[{"reference":"pasGib","categorie":"religion","numeroCarte":2,"titre":"Pasja","time":"07\/01\/2016 22:33:12","auteur":"Mel Gibson"}],"nbLivre":0,"adresse":"gdfgsdf","mdp":"yann","tel":346316461,"prenom":"Colin","nbReserve":0},{"mail":"","nbRevue":0,"nbDvd":0,"nbCd":0,"num":3,"dn":"","nom":"parDefaut","emprunte":[],"nbLivre":0,"adresse":"","mdp":"1234","tel":0,"prenom":"","nbReserve":0}]