[{"nationalite":"niemiecka","reference":"czarGorMann","categorie":"powiesc","titre":"Czarodziejska Gora","nbDisponible":3,"description":"ksiazka","nbTotal":3,"type":"livre","auteur":"Mann","nbReserve":1},{"nationalite":"none","reference":"chip","categorie":"computer","titre":"Chip","nbDisponible":5,"description":"comp","nbTotal":5,"type":"revue","auteur":"none","nbReserve":0},{"nationalite":"Francais","reference":"recVerZAZ","categorie":"pop","titre":"Recto Verso","nbDisponible":2,"description":"music","nbTotal":2,"type":"cd","auteur":"ZAZ","nbReserve":0},{"nationalite":"USA","reference":"pasGib","categorie":"religion","titre":"Pasja","nbDisponible":0,"description":"film","nbTotal":1,"type":"dvd","auteur":"Mel Gibson","nbReserve":0}]