<?xml version="1.0" encoding="UTF-8"?>
<project-private xmlns="http://www.netbeans.org/ns/project-private/1">
    <editor-bookmarks xmlns="http://www.netbeans.org/ns/editor-bookmarks/2" lastBookmarkId="0"/>
    <open-files xmlns="http://www.netbeans.org/ns/projectui-open-files/2">
        <group>
            <file>file:/D/STUDIA/mechatronika/3-sem/inf/projet/projetBibliotheque/ProjetBibliotheque/src/BiblioPackage/Bibliotheque.java</file>
            <file>file:/D/STUDIA/mechatronika/3-sem/inf/projet/projetBibliotheque/ProjetBibliotheque/src/BiblioPackage/Main.java</file>
            <file>file:/D/STUDIA/mechatronika/3-sem/inf/projet/projetBibliotheque/ProjetBibliotheque/src/BiblioPackage/Adherent.java</file>
            <file>file:/D/STUDIA/mechatronika/3-sem/inf/projet/projetBibliotheque/ProjetBibliotheque/src/BiblioPackage/Reservation.java</file>
            <file>file:/D/STUDIA/mechatronika/3-sem/inf/projet/projetBibliotheque/ProjetBibliotheque/src/BiblioPackage/Emprunt.java</file>
        </group>
    </open-files>
</project-private>
